10010	FAIL	(Cookie No HttpOnly Flag)
10011	FAIL	(Cookie Without Secure Flag)
10017	WARN	(Cross-Domain JavaScript Source File Inclusion)
10020	FAIL	(Missing Anti-clickjacking Header)
10021	FAIL	(X-Content-Type-Options Header Missing)
10035	WARN	(Strict-Transport-Security Header Not Set)
10036	WARN	(Server Leaks Version Information via "Server" HTTP Response Header Field)
10037	FAIL	(Server Leaks Information via "X-Powered-By" HTTP Response Header Field(s))
10038	FAIL	(Content Security Policy (CSP) Header Not Set)
10054	FAIL	(Cookie without SameSite Attribute)
10055	WARN	(CSP: directive or wildcard findings)
10096	IGNORE	(Timestamp Disclosure - Unix; money and ids are numeric strings)
10098	FAIL	(Cross-Domain Misconfiguration)
10202	WARN	(Absence of Anti-CSRF Tokens; the API uses SameSite=Lax + a required x-psa-csrf header, not form tokens)
90022	FAIL	(Application Error Disclosure)
90033	WARN	(Loosely Scoped Cookie)
